<?xml version="1.0"?>
<World>
  <StaticActors>
    <Actor type="Model">
      <TransformComponent>
        <Translation x="0.0" y="0.0" z="0.0" />
        <Scale x="1.0" y="1.0" z="1.0" />
        <Direction x="0.0" y="0.0" z="-1.0" />
        <Up x="0.0" y="1.0" z="0.0" />
      </TransformComponent>
      <ModelRenderComponent>
        <Color r="0.4" g="0.4" b="0.4" a="1.0" />
        <Model>Models\Sphere.obj</Model>
        <Texture>Textures\EarthComposite.jpg</Texture>
        <Effect technique="main11" pass="p0">Effects\TextureMapping.fx</Effect>
      </ModelRenderComponent>
    </Actor>
  </StaticActors>
  <!-- The preLoad script is executed as the first operation when the level is loading.  The postLoad script 
		if executed as the last step in the level loading process. -->
  <Script preLoad="scripts\LevelInit.lua" postLoad="scripts\LevelPostInit.lua" />
</World>