<?xml version="1.0"?>
<World>
  <StaticActors>
    <Actor type="Skybox">
      <SkyboxRenderComponent>
        <Color r="1.0" g="1.0" b="1.0" a="1.0" />
        <Model>Models\Sphere.obj</Model>
        <Texture>Textures\Maskonaive2_1024.dds</Texture>
        <Effect>Effects\Skybox.fx</Effect>
      </SkyboxRenderComponent>
    </Actor>
    <Actor type="DirectionalLight">
      <TransformComponent>
        <Translation x="10.0" y="0.0" z="0.0" />
        <Scale x="1.0" y="1.0" z="1.0" />
        <Rotation x="0.0" y="0.0" z="0.0" />
      </TransformComponent>
      <DirectionalLightComponent>
        <Color r="1.0" g="1.0" b="1.0" a="1.0" />
        <Model>Models\DirectionalLightProxy.obj</Model>
        <Light>
          <Direction x="5.0" y="5.0" z="3.0" />
          <Up x="5.0" y="5.0" z="3.0" />
        </Light>
      </DirectionalLightComponent>
    </Actor>
    <Actor type="Grid">
      <TransformComponent>
        <Translation x="0.0" y="0.0" z="0.0" />
        <Scale x="0.5" y="0.5" z="0.5" />
        <Rotation x="0.0" y="0.0" z="0.0" />
      </TransformComponent>
      <GridRenderComponent>
        <Color r="0.4" g="0.4" b="0.4" a="1.0" />
        <Texture>art\grid.dds</Texture>
        <Division>100</Division>
      </GridRenderComponent>
    </Actor>
    <Actor type="Model">
      <TransformComponent>
        <Translation x="-126.41" y="32.47" z="-126.36" />
        <Scale x="0.5" y="0.5" z="0.5" />
        <Rotation x="0.0" y="43.95" z="-1.0" />
      </TransformComponent>
      <ModelRenderComponent>
        <Color r="0.4" g="0.4" b="0.4" a="1.0" />
        <Model>Models\pole.obj</Model>
        <Texture>Textures\floor_wood_4.dds</Texture>
        <Effect>Effects\TextureMapping.fx</Effect>
      </ModelRenderComponent>
    </Actor>
    <Actor type="Model">
      <TransformComponent>
        <Translation x="-108.14" y="46.86f" z="-114.83f" />
        <Scale x="0.5" y="0.5" z="0.5" />
        <Rotation x="0.0" y="44.3" z="-1.0" />
      </TransformComponent>
      <ModelRenderComponent>
        <Color r="0.4" g="0.4" b="0.4" a="1.0" />
        <Model>Models\pole.obj</Model>
        <Texture>Textures\floor_wood_4.dds</Texture>
        <Effect>Effects\TextureMapping.fx</Effect>
      </ModelRenderComponent>
    </Actor>
    <Actor type="Model">
      <TransformComponent>
        <Translation x="-90.38" y="47.39" z="-71.62" />
        <Scale x="0.5" y="0.5" z="0.5" />
        <Rotation x="0.0" y="44.75" z="-1.0" />
      </TransformComponent>
      <ModelRenderComponent>
        <Color r="0.4" g="0.4" b="0.4" a="1.0" />
        <Model>Models\pole.obj</Model>
        <Texture>Textures\floor_wood_4.dds</Texture>
        <Effect>Effects\TextureMapping.fx</Effect>
      </ModelRenderComponent>
    </Actor>
    <Actor type="Model">
      <TransformComponent>
        <Translation x="-87.54" y="41.54" z="-25.75" />
        <Scale x="0.5" y="0.5" z="0.5" />
        <Rotation x="0.0" y="44.85" z="-1.0" />
      </TransformComponent>
      <ModelRenderComponent>
        <Color r="0.4" g="0.4" b="0.4" a="1.0" />
        <Model>Models\pole.obj</Model>
        <Texture>Textures\floor_wood_4.dds</Texture>
        <Effect>Effects\TextureMapping.fx</Effect>
      </ModelRenderComponent>
    </Actor>
    <Actor type="Model">
      <TransformComponent>
        <Translation x="-78.44" y="42.12" z="25.46" />
        <Scale x="0.5" y="0.5" z="0.5" />
        <Rotation x="0.0" y="44.55" z="-1.0" />
      </TransformComponent>
      <ModelRenderComponent>
        <Color r="0.4" g="0.4" b="0.4" a="1.0" />
        <Model>Models\pole.obj</Model>
        <Texture>Textures\floor_wood_4.dds</Texture>
        <Effect>Effects\TextureMapping.fx</Effect>
      </ModelRenderComponent>
    </Actor>
  </StaticActors>
  <!-- The preLoad script is executed as the first operation when the level is loading.  The postLoad script 
		if executed as the last step in the level loading process. -->
  <Script preLoad="scripts\LevelInit.lua" postLoad="scripts\LevelPostInit.lua" />
</World>