<?xml version="1.0"?>
<World>
  <StaticActors>
    <Actor type="Sky">
      <SkyRenderComponent>
        <Color r="1.000000" g="1.000000" b="1.000000" a="1.000000" />
        <Texture>art\sky2_n.JPG</Texture>
      </SkyRenderComponent>
    </Actor>
    <Actor type="Grid">
      <TransformComponent>
        <Position x="0.000000" y="0.000000" z="0.000000" />
        <YawPitchRoll x="0.000000" y="-0.000000" z="0.000000" />
      </TransformComponent>
      <GridRenderComponent>
        <Color r="0.400000" g="0.400000" b="0.400000" a="1.000000" />
        <Texture>art\grid.dds</Texture>
        <Division>100</Division>
      </GridRenderComponent>
    </Actor>
    <Actor type="Model">
      <TransformComponent>
        <Position x="0.000000" y="0.000000" z="0.000000" />
        <YawPitchRoll x="0.000000" y="-0.000000" z="0.000000" />
      </TransformComponent>
      <ModelRenderComponent>
        <Color r="0.400000" g="0.400000" b="0.400000" a="1.000000" />
        <SdkMesh>Models\Sphere.obj</SdkMesh>
        <Texture>Textures\EarthComposite.jpg</Texture>
		<Effect>Effects\TextureMapping.fx<Effect>
      </ModelRenderComponent>
    </Actor>
  </StaticActors>
  <!-- The preLoad script is executed as the first operation when the level is loading.  The postLoad script 
    if executed as the last step in the level loading process. -->
  <Script preLoad="scripts\LevelInit.lua" postLoad="scripts\LevelPostInit.lua" />
</World>