<?xml version="1.0"?>
<World>
  <StaticActors>
    <Actor type="Sky">
      <SkyRenderComponent>
        <Color r="1.0" g="1.0" b="1.0" a="1.0" />
        <Texture>art\sky2_n.JPG</Texture>
      </SkyRenderComponent>
    </Actor>
     <Actor type="DirectionalLight">
      <LightRenderComponent>
        <Color r="1.0" g="1.0" b="1.0" a="1.0" />
        <Model>Models\DirectionalLightProxy.obj</Model>
		<Light>
		  <Direction x="5.0" y="5.0" z="3.0" />
		  <Up x="5.0" y="5.0" z="3.0" />
		  <Right x="5.0" y="5.0" z="3.0" />
		  <Shape Radius="10.0" InnerAngle="1.0" OuterAngle="0.0" />
		</Light>
      </LightRenderComponent>
    </Actor>
   <Actor type="Grid">
      <TransformComponent>
        <Position x="0.0" y="0.0" z="0.0" />
        <YawPitchRoll x="0.0" y="-0.0" z="0.0" />
      </TransformComponent>
      <GridRenderComponent>
        <Color r="0.4" g="0.4" b="0.4" a="1.0" />
        <Texture>art\grid.dds</Texture>
        <Division>100</Division>
      </GridRenderComponent>
    </Actor>
    <Actor type="Model">
      <TransformComponent>
        <Position x="0.0" y="0.0" z="0.0" />
        <YawPitchRoll x="0.0" y="-0.0" z="0.0" />
      </TransformComponent>
      <ModelRenderComponent>
        <Color r="0.4" g="0.4" b="0.4" a="1.0" />
        <Model>Models\Sphere.obj</Model>
        <Texture>Textures\EarthComposite.jpg</Texture>
		<Effect>Effects\TextureMapping.fx<Effect>
      </ModelRenderComponent>
    </Actor>
  </StaticActors>
  <!-- The preLoad script is executed as the first operation when the level is loading.  The postLoad script 
    if executed as the last step in the level loading process. -->
  <Script preLoad="scripts\LevelInit.lua" postLoad="scripts\LevelPostInit.lua" />
</World>