<?xml version="1.0"?>
<World>
  <StaticActors>
    <Actor type="Grid">
      <TransformComponent>
        <Position x="0.000000" y="0.000000" z="0.000000" />
        <YawPitchRoll x="0.000000" y="-0.000000" z="0.000000" />
      </TransformComponent>
      <GridRenderComponent>
        <Color r="0.400000" g="0.400000" b="0.400000" a="1.000000" />
        <Texture>art\grid.dds</Texture>
        <Division>100</Division>
      </GridRenderComponent>
    </Actor>
    <Actor type="TinyMesh">
      <TransformComponent>
        <Position x="0.000000" y="0.000000" z="0.000000" />
        <YawPitchRoll x="0.000000" y="-0.000000" z="0.000000" />
      </TransformComponent>
      <MeshRenderComponent>
        <Color r="0.400000" g="0.400000" b="0.400000" a="1.000000" />
        <SdkMesh>Models\tiny.sdkmesh</SdkMesh>
        <Texture>Textures\Tiny_skin.dds</Texture>
      </MeshRenderComponent>
    </Actor>
  </StaticActors>
  <!-- The preLoad script is executed as the first operation when the level is loading.  The postLoad script 
    if executed as the last step in the level loading process. -->
  <Script preLoad="scripts\LevelInit.lua" postLoad="scripts\LevelPostInit.lua" />
</World>